round,device,plate,octday,novd,hour,a1.skirt,h1.skirt,a12.skirt,h12.skirt
1,1,1,22,-10,20,26.8,26.8,20.7,20.7
1,1,1,22,-10,21,26.8,26.8,20.7,20.7
1,1,1,22,-10,22,26.8,26.8,20.7,20.7
1,1,1,22,-10,23,26.8,26.8,20.7,20.7
1,1,1,22,-10,24,26.8,26.8,20.7,20.7
1,1,1,23,-10,1,26.8,26.8,20.7,20.7
1,1,1,23,-10,2,26.8,26.8,20.7,20.7
1,1,1,23,-10,3,26.8,26.8,20.7,20.7
1,1,1,23,-10,4,26.8,26.8,20.7,20.7
1,1,1,23,-10,5,26.8,26.8,20.7,20.7
1,1,1,23,-10,6,26.8,26.8,20.7,20.7
1,1,1,23,-10,7,26.8,26.8,20.7,20.7
1,1,1,23,-10,8,26.8,26.8,20.7,20.7
1,1,1,23,-10,9,26.8,26.8,20.7,20.7
1,1,1,23,-10,10,26.8,26.8,20.7,20.7
1,1,1,23,-9,11,26.8,26.8,20.7,20.7
1,1,1,23,-9,12,26.8,26.8,20.7,20.7
1,1,1,23,-9,13,26.8,26.8,20.7,20.7
1,1,1,23,-9,14,27,27.2,19.9,20.2
1,1,1,23,-9,15,27.2,27.6,19.1,19.6
1,1,1,23,-9,16,27.2,27.6,19.1,19.6
1,1,1,23,-9,17,27.2,27.6,19.1,19.6
1,1,1,23,-9,18,27.2,27.6,19.1,19.6
1,1,1,23,-9,19,27.2,27.6,19.1,19.6
1,1,1,23,-9,20,27.2,27.6,19.1,19.6
1,1,1,23,-9,21,27.2,27.6,19.1,19.6
1,1,1,23,-9,22,27.2,27.6,19.1,19.6
1,1,1,23,-9,23,27.2,27.6,19.1,19.6
1,1,1,23,-9,24,27.2,27.6,19.1,19.6
1,1,1,24,-8,1,27.2,27.6,19.1,19.6
1,1,1,24,-8,2,27,27.3,19.2,19.4
1,1,1,24,-8,3,26.7,26.9,19.3,19.1
1,1,1,24,-8,4,26.7,26.9,19.3,19.1
1,1,1,24,-8,5,26.7,26.9,19.3,19.1
1,1,1,24,-8,6,26.7,26.9,19.3,19.1
1,1,1,24,-8,7,26.7,26.9,19.3,19.1
1,1,1,24,-8,8,26.7,26.9,19.3,19.1
1,1,1,24,-8,9,26.7,26.9,19.3,19.1
1,1,1,24,-8,10,26.7,26.9,19.3,19.1
1,1,1,24,-8,11,26.7,26.9,19.3,19.1
1,1,1,24,-8,12,26.7,26.9,19.3,19.1
1,1,1,24,-8,13,26.7,26.9,19.3,19.1
1,1,1,24,-8,14,26.7,26.9,19.3,19.1
1,1,1,24,-8,15,26.7,26.9,19.3,19.1
1,1,1,24,-8,16,26.7,26.9,19.3,19.1
1,1,1,24,-8,17,26.7,26.9,19.3,19.1
1,1,1,24,-8,18,26.7,26.9,19.3,19.1
1,1,1,24,-8,19,26.7,26.9,19.3,19.1
1,1,1,24,-8,20,26.7,26.9,19.3,19.1
1,1,1,24,-8,21,26.7,26.9,19.3,19.1
1,1,1,24,-8,22,26.7,26.9,19.3,19.1
1,1,1,24,-8,23,26.7,26.9,19.3,19.1
1,1,1,24,-8,24,26.7,26.9,19.3,19.1
1,1,1,25,-7,1,26.7,26.9,19.3,19.1
1,1,1,25,-7,2,26.7,26.9,19.3,19.1
1,1,1,25,-7,3,26.7,26.9,19.3,19.1
1,1,1,25,-7,4,26.7,26.9,19.3,19.1
1,1,1,25,-7,5,26.7,26.9,19.3,19.1
1,1,1,25,-7,6,26.7,26.9,19.3,19.1
1,1,1,25,-7,7,26.7,26.9,19.3,19.1
1,1,1,25,-7,8,26.7,26.9,19.3,19.1
1,1,1,25,-7,9,26.7,26.9,19.3,19.1
1,1,1,25,-7,10,26.7,26.9,19.3,19.1
1,1,1,25,-7,11,26.7,26.9,19.3,19.1
1,1,1,25,-7,12,26.7,26.9,19.3,19.1
1,1,1,25,-7,13,26.7,26.9,19.3,19.1
1,1,1,25,-7,14,26.7,26.9,19.3,19.1
1,1,1,25,-7,15,26.7,26.9,19.3,19.1
1,1,1,25,-7,16,26.7,26.9,19.3,19.1
1,1,1,25,-7,17,26.7,26.9,19.3,19.1
1,1,1,25,-7,18,26.7,26.9,19.3,19.1
1,1,1,25,-7,19,26.7,26.9,19.3,19.1
1,1,1,25,-7,20,26.7,26.9,19.3,19.1
1,1,1,25,-7,21,26.7,26.9,19.3,19.1
1,1,1,25,-7,22,26.7,26.9,19.3,19.1
1,1,1,25,-7,23,26.7,26.9,19.3,19.1
1,1,1,25,-7,24,26.7,26.9,19.3,19.1
1,1,1,26,-6,1,26.7,26.9,19.3,19.1
1,1,1,26,-6,2,26.7,26.9,19.3,19.1
1,1,1,26,-6,3,26.7,26.9,19.3,19.1
1,1,1,26,-6,4,26.7,26.9,19.3,19.1
1,1,1,26,-6,5,26.7,26.9,19.3,19.1
1,1,1,26,-6,6,26.7,26.9,19.3,19.1
1,1,1,26,-6,7,26.7,26.9,19.3,19.1
1,1,1,26,-6,8,26.7,26.9,19.3,19.1
1,1,1,26,-6,9,26.7,26.9,19.3,19.1
1,1,1,26,-6,10,26.7,26.9,19.3,19.1
1,1,1,26,-6,11,26.7,26.9,19.3,19.1
1,1,1,26,-6,12,26.7,26.9,19.3,19.1
1,1,1,26,-6,13,26.7,26.9,19.3,19.1
1,1,1,26,-6,14,26.7,26.9,19.3,19.1
1,1,1,26,-6,15,26.7,26.9,19.3,19.1
1,1,1,26,-6,16,26.7,26.9,19.3,19.1
1,1,1,26,-6,17,26.7,26.9,19.3,19.1
1,1,1,26,-6,18,26.7,26.9,19.3,19.1
1,1,1,26,-6,19,26.7,26.9,19.3,19.1
1,1,1,26,-6,20,26.7,26.9,19.3,19.1
1,1,1,26,-6,21,26.7,26.9,19.3,19.1
1,1,1,26,-6,22,26.7,26.9,19.3,19.1
1,1,1,26,-6,23,26.7,26.9,19.3,19.1
1,1,1,26,-6,24,26.7,26.9,19.3,19.1
1,1,1,27,-5,1,26.7,26.9,19.3,19.1
1,1,1,27,-5,2,26.7,26.9,19.3,19.1
1,1,1,27,-5,3,26.7,26.9,19.3,19.1
1,1,1,27,-5,4,26.7,26.9,19.3,19.1
1,1,1,27,-5,5,26.7,26.9,19.3,19.1
1,1,1,27,-5,6,26.7,26.9,19.3,19.1
1,1,1,27,-5,7,26.7,26.9,19.3,19.1
1,1,1,27,-5,8,26.7,26.9,19.3,19.1
1,1,1,27,-5,9,26.7,26.9,19.3,19.1
1,1,1,27,-5,10,26.7,26.9,19.3,19.1
1,1,1,27,-5,11,26.7,26.9,19.3,19.1
1,1,1,27,-5,12,26.7,26.9,19.3,19.1
1,1,1,27,-5,13,26.7,26.9,19.3,19.1
1,1,1,27,-5,14,26.7,26.9,19.3,19.1
1,1,1,27,-5,15,26.7,26.9,19.3,19.1
1,1,1,27,-5,16,26.7,26.9,19.3,19.1
1,1,1,27,-5,17,26.7,26.9,19.3,19.1
1,1,1,27,-5,18,26.7,26.9,19.3,19.1
1,1,1,27,-5,19,26.7,26.9,19.3,19.1
1,1,1,27,-5,20,26.7,26.9,19.3,19.1
1,1,1,27,-5,21,26.7,26.9,19.3,19.1
1,1,1,27,-5,22,26.7,26.9,19.3,19.1
1,1,1,27,-5,23,26.7,26.9,19.3,19.1
1,1,1,27,-5,24,26.7,26.9,19.3,19.1
1,1,1,28,-4,1,26.7,26.9,19.3,19.1
1,1,1,28,-4,2,26.7,26.9,19.3,19.1
1,1,1,28,-4,3,26.7,26.9,19.3,19.1
1,1,1,28,-4,4,26.7,26.9,19.3,19.1
1,1,1,28,-4,5,26.7,26.9,19.3,19.1
1,1,1,28,-4,6,26.7,26.9,19.3,19.1
1,1,1,28,-4,7,26.7,26.9,19.3,19.1
1,1,1,28,-4,8,26.7,26.9,19.3,19.1
1,1,1,28,-4,9,26.7,26.9,19.3,19.1
1,1,1,28,-4,10,26.7,26.9,19.3,19.1
1,1,1,28,-4,11,26.7,26.9,19.3,19.1
1,2,2,22,-10,20,26.8,26.8,20.7,20.7
1,2,2,22,-10,21,26.8,26.8,20.7,20.7
1,2,2,22,-10,22,26.8,26.8,20.7,20.7
1,2,2,22,-10,23,26.8,26.8,20.7,20.7
1,2,2,22,-10,24,26.8,26.8,20.7,20.7
1,2,2,23,-10,1,26.8,26.8,20.7,20.7
1,2,2,23,-10,2,26.8,26.8,20.7,20.7
1,2,2,23,-10,3,26.8,26.8,20.7,20.7
1,2,2,23,-10,4,26.8,26.8,20.7,20.7
1,2,2,23,-10,5,26.8,26.8,20.7,20.7
1,2,2,23,-10,6,26.8,26.8,20.7,20.7
1,2,2,23,-10,7,26.8,26.8,20.7,20.7
1,2,2,23,-10,8,26.8,26.8,20.7,20.7
1,2,2,23,-10,9,26.8,26.8,20.7,20.7
1,2,2,23,-10,10,26.8,26.8,20.7,20.7
1,2,2,23,-9,11,26.8,26.8,20.7,20.7
1,2,2,23,-9,12,26.8,26.8,20.7,20.7
1,2,2,23,-9,13,26.8,26.8,20.7,20.7
1,2,2,23,-9,14,26.5,26.5,19.8,19.5
1,2,2,23,-9,15,26.1,26.1,18.9,18.3
1,2,2,23,-9,16,26.1,26.1,18.9,18.3
1,2,2,23,-9,17,26.1,26.1,18.9,18.3
1,2,2,23,-9,18,26.1,26.1,18.9,18.3
1,2,2,23,-9,19,26.1,26.1,18.9,18.3
1,2,2,23,-9,20,26.1,26.1,18.9,18.3
1,2,2,23,-9,21,26.1,26.1,18.9,18.3
1,2,2,23,-9,22,26.1,26.1,18.9,18.3
1,2,2,23,-9,23,26.1,26.1,18.9,18.3
1,2,2,23,-9,24,26.1,26.1,18.9,18.3
1,2,2,24,-8,1,26.1,26.1,18.9,18.3
1,2,2,24,-8,2,26.3,26.3,18.9,18.8
1,2,2,24,-8,3,26.4,26.4,18.8,19.3
1,2,2,24,-8,4,26.4,26.4,18.8,19.3
1,2,2,24,-8,5,26.4,26.4,18.8,19.3
1,2,2,24,-8,6,26.4,26.4,18.8,19.3
1,2,2,24,-8,7,26.4,26.4,18.8,19.3
1,2,2,24,-8,8,26.4,26.4,18.8,19.3
1,2,2,24,-8,9,26.4,26.4,18.8,19.3
1,2,2,24,-8,10,26.4,26.4,18.8,19.3
1,2,2,24,-8,11,26.4,26.4,18.8,19.3
1,2,2,24,-8,12,26.4,26.4,18.8,19.3
1,2,2,24,-8,13,26.4,26.4,18.8,19.3
1,2,2,24,-8,14,26.4,26.4,18.8,19.3
1,2,2,24,-8,15,26.4,26.4,18.8,19.3
1,2,2,24,-8,16,26.4,26.4,18.8,19.3
1,2,2,24,-8,17,26.4,26.4,18.8,19.3
1,2,2,24,-8,18,26.4,26.4,18.8,19.3
1,2,2,24,-8,19,26.4,26.4,18.8,19.3
1,2,2,24,-8,20,26.4,26.4,18.8,19.3
1,2,2,24,-8,21,26.4,26.4,18.8,19.3
1,2,2,24,-8,22,26.4,26.4,18.8,19.3
1,2,2,24,-8,23,26.4,26.4,18.8,19.3
1,2,2,24,-8,24,26.4,26.4,18.8,19.3
1,2,2,25,-7,1,26.4,26.4,18.8,19.3
1,2,2,25,-7,2,26.4,26.4,18.8,19.3
1,2,2,25,-7,3,26.4,26.4,18.8,19.3
1,2,2,25,-7,4,26.4,26.4,18.8,19.3
1,2,2,25,-7,5,26.4,26.4,18.8,19.3
1,2,2,25,-7,6,26.4,26.4,18.8,19.3
1,2,2,25,-7,7,26.4,26.4,18.8,19.3
1,2,2,25,-7,8,26.4,26.4,18.8,19.3
1,2,2,25,-7,9,26.4,26.4,18.8,19.3
1,2,2,25,-7,10,26.4,26.4,18.8,19.3
1,2,2,25,-7,11,26.4,26.4,18.8,19.3
1,2,2,25,-7,12,26.4,26.4,18.8,19.3
1,2,2,25,-7,13,26.4,26.4,18.8,19.3
1,2,2,25,-7,14,26.4,26.4,18.8,19.3
1,2,2,25,-7,15,26.4,26.4,18.8,19.3
1,2,2,25,-7,16,26.4,26.4,18.8,19.3
1,2,2,25,-7,17,26.4,26.4,18.8,19.3
1,2,2,25,-7,18,26.4,26.4,18.8,19.3
1,2,2,25,-7,19,26.4,26.4,18.8,19.3
1,2,2,25,-7,20,26.4,26.4,18.8,19.3
1,2,2,25,-7,21,26.4,26.4,18.8,19.3
1,2,2,25,-7,22,26.4,26.4,18.8,19.3
1,2,2,25,-7,23,26.4,26.4,18.8,19.3
1,2,2,25,-7,24,26.4,26.4,18.8,19.3
1,2,2,26,-6,1,26.4,26.4,18.8,19.3
1,2,2,26,-6,2,26.4,26.4,18.8,19.3
1,2,2,26,-6,3,26.4,26.4,18.8,19.3
1,2,2,26,-6,4,26.4,26.4,18.8,19.3
1,2,2,26,-6,5,26.4,26.4,18.8,19.3
1,2,2,26,-6,6,26.4,26.4,18.8,19.3
1,2,2,26,-6,7,26.4,26.4,18.8,19.3
1,2,2,26,-6,8,26.4,26.4,18.8,19.3
1,2,2,26,-6,9,26.4,26.4,18.8,19.3
1,2,2,26,-6,10,26.4,26.4,18.8,19.3
1,2,2,26,-6,11,26.4,26.4,18.8,19.3
1,2,2,26,-6,12,26.4,26.4,18.8,19.3
1,2,2,26,-6,13,26.4,26.4,18.8,19.3
1,2,2,26,-6,14,26.4,26.4,18.8,19.3
1,2,2,26,-6,15,26.4,26.4,18.8,19.3
1,2,2,26,-6,16,26.4,26.4,18.8,19.3
1,2,2,26,-6,17,26.4,26.4,18.8,19.3
1,2,2,26,-6,18,26.4,26.4,18.8,19.3
1,2,2,26,-6,19,26.4,26.4,18.8,19.3
1,2,2,26,-6,20,26.4,26.4,18.8,19.3
1,2,2,26,-6,21,26.4,26.4,18.8,19.3
1,2,2,26,-6,22,26.4,26.4,18.8,19.3
1,2,2,26,-6,23,26.4,26.4,18.8,19.3
1,2,2,26,-6,24,26.4,26.4,18.8,19.3
1,2,2,27,-5,1,26.4,26.4,18.8,19.3
1,2,2,27,-5,2,26.4,26.4,18.8,19.3
1,2,2,27,-5,3,26.4,26.4,18.8,19.3
1,2,2,27,-5,4,26.4,26.4,18.8,19.3
1,2,2,27,-5,5,26.4,26.4,18.8,19.3
1,2,2,27,-5,6,26.4,26.4,18.8,19.3
1,2,2,27,-5,7,26.4,26.4,18.8,19.3
1,2,2,27,-5,8,26.4,26.4,18.8,19.3
1,2,2,27,-5,9,26.4,26.4,18.8,19.3
1,2,2,27,-5,10,26.4,26.4,18.8,19.3
1,2,2,27,-5,11,26.4,26.4,18.8,19.3
1,2,2,27,-5,12,26.4,26.4,18.8,19.3
1,2,2,27,-5,13,26.4,26.4,18.8,19.3
1,2,2,27,-5,14,26.4,26.4,18.8,19.3
1,2,2,27,-5,15,26.4,26.4,18.8,19.3
1,2,2,27,-5,16,26.4,26.4,18.8,19.3
1,2,2,27,-5,17,26.4,26.4,18.8,19.3
1,2,2,27,-5,18,26.4,26.4,18.8,19.3
1,2,2,27,-5,19,26.4,26.4,18.8,19.3
1,2,2,27,-5,20,26.4,26.4,18.8,19.3
1,2,2,27,-5,21,26.4,26.4,18.8,19.3
1,2,2,27,-5,22,26.4,26.4,18.8,19.3
1,2,2,27,-5,23,26.4,26.4,18.8,19.3
1,2,2,27,-5,24,26.4,26.4,18.8,19.3
1,2,2,28,-4,1,26.4,26.4,18.8,19.3
1,2,2,28,-4,2,26.4,26.4,18.8,19.3
1,2,2,28,-4,3,26.4,26.4,18.8,19.3
1,2,2,28,-4,4,26.4,26.4,18.8,19.3
1,2,2,28,-4,5,26.4,26.4,18.8,19.3
1,2,2,28,-4,6,26.4,26.4,18.8,19.3
1,2,2,28,-4,7,26.4,26.4,18.8,19.3
1,2,2,28,-4,8,26.4,26.4,18.8,19.3
1,2,2,28,-4,9,26.4,26.4,18.8,19.3
1,2,2,28,-4,10,26.4,26.4,18.8,19.3
1,2,2,28,-4,11,26.4,26.4,18.8,19.3
1,3,3,22,-10,20,26.8,26.8,20.7,20.7
1,3,3,22,-10,21,26.8,26.8,20.7,20.7
1,3,3,22,-10,22,26.8,26.8,20.7,20.7
1,3,3,22,-10,23,26.8,26.8,20.7,20.7
1,3,3,22,-10,24,26.8,26.8,20.7,20.7
1,3,3,23,-10,1,26.8,26.8,20.7,20.7
1,3,3,23,-10,2,26.8,26.8,20.7,20.7
1,3,3,23,-10,3,26.8,26.8,20.7,20.7
1,3,3,23,-10,4,20.8,20.8,16.7,16.7
1,3,3,23,-10,5,20.8,20.8,16.7,16.7
1,3,3,23,-10,6,20.8,20.8,16.7,16.7
1,3,3,23,-10,7,20.8,20.8,16.7,16.7
1,3,3,23,-10,8,20.8,20.8,16.7,16.7
1,3,3,23,-10,9,20.8,20.8,16.7,16.7
1,3,3,23,-10,10,20.8,20.8,16.7,16.7
1,3,3,23,-9,11,20.8,20.8,16.7,16.7
1,3,3,23,-9,12,21.5,21.5,17.2,17.2
1,3,3,23,-9,13,22.2,22.2,17.7,17.7
1,3,3,23,-9,14,22.8,22.9,18.1,18.2
1,3,3,23,-9,15,23.5,23.6,18.6,18.7
1,3,3,23,-9,16,24.2,24.3,19.1,19.2
1,3,3,23,-9,17,24.2,24.3,19.1,19.2
1,3,3,23,-9,18,24.2,24.3,19.1,19.2
1,3,3,23,-9,19,24.2,24.3,19.1,19.2
1,3,3,23,-9,20,24.2,24.3,19.1,19.2
1,3,3,23,-9,21,24.2,24.3,19.1,19.2
1,3,3,23,-9,22,24.2,24.3,19.1,19.2
1,3,3,23,-9,23,24.2,24.3,19.1,19.2
1,3,3,23,-9,24,24.2,24.3,19.1,19.2
1,3,3,24,-8,1,24.2,24.3,19.1,19.2
1,3,3,24,-8,2,24.1,24.7,19.3,19.3
1,3,3,24,-8,3,24,25,19.5,19.3
1,3,3,24,-8,4,24,25,19.5,19.3
1,3,3,24,-8,5,24,25,19.5,19.3
1,3,3,24,-8,6,24,25,19.5,19.3
1,3,3,24,-8,7,24,25,19.5,19.3
1,3,3,24,-8,8,24,25,19.5,19.3
1,3,3,24,-8,9,24,25,19.5,19.3
1,3,3,24,-8,10,24,25,19.5,19.3
1,3,3,24,-8,11,24,25,19.5,19.3
1,3,3,24,-8,12,24,25,19.5,19.3
1,3,3,24,-8,13,24,25,19.5,19.3
1,3,3,24,-8,14,24,25,19.5,19.3
1,3,3,24,-8,15,24,25,19.5,19.3
1,3,3,24,-8,16,24,25,19.5,19.3
1,3,3,24,-8,17,24,25,19.5,19.3
1,3,3,24,-8,18,24,25,19.5,19.3
1,3,3,24,-8,19,24,25,19.5,19.3
1,3,3,24,-8,20,24,25,19.5,19.3
1,3,3,24,-8,21,24,25,19.5,19.3
1,3,3,24,-8,22,24,25,19.5,19.3
1,3,3,24,-8,23,24,25,19.5,19.3
1,3,3,24,-8,24,24,25,19.5,19.3
1,3,3,25,-7,1,24,25,19.5,19.3
1,3,3,25,-7,2,24,25,19.5,19.3
1,3,3,25,-7,3,24,25,19.5,19.3
1,3,3,25,-7,4,24,25,19.5,19.3
1,3,3,25,-7,5,24,25,19.5,19.3
1,3,3,25,-7,6,24,25,19.5,19.3
1,3,3,25,-7,7,24,25,19.5,19.3
1,3,3,25,-7,8,24,25,19.5,19.3
1,3,3,25,-7,9,24,25,19.5,19.3
1,3,3,25,-7,10,24,25,19.5,19.3
1,3,3,25,-7,11,24,25,19.5,19.3
1,3,3,25,-7,12,24,25,19.5,19.3
1,3,3,25,-7,13,24,25,19.5,19.3
1,3,3,25,-7,14,24,25,19.5,19.3
1,3,3,25,-7,15,24,25,19.5,19.3
1,3,3,25,-7,16,24,25,19.5,19.3
1,3,3,25,-7,17,24,25,19.5,19.3
1,3,3,25,-7,18,24,25,19.5,19.3
1,3,3,25,-7,19,24,25,19.5,19.3
1,3,3,25,-7,20,24,25,19.5,19.3
1,3,3,25,-7,21,24,25,19.5,19.3
1,3,3,25,-7,22,24,25,19.5,19.3
1,3,3,25,-7,23,24,25,19.5,19.3
1,3,3,25,-7,24,24,25,19.5,19.3
1,3,3,26,-6,1,24,25,19.5,19.3
1,3,3,26,-6,2,24,25,19.5,19.3
1,3,3,26,-6,3,24,25,19.5,19.3
1,3,3,26,-6,4,24,25,19.5,19.3
1,3,3,26,-6,5,24,25,19.5,19.3
1,3,3,26,-6,6,24,25,19.5,19.3
1,3,3,26,-6,7,24,25,19.5,19.3
1,3,3,26,-6,8,24,25,19.5,19.3
1,3,3,26,-6,9,24,25,19.5,19.3
1,3,3,26,-6,10,24,25,19.5,19.3
1,3,3,26,-6,11,24,25,19.5,19.3
1,3,3,26,-6,12,24,25,19.5,19.3
1,3,3,26,-6,13,24,25,19.5,19.3
1,3,3,26,-6,14,24,25,19.5,19.3
1,3,3,26,-6,15,24,25,19.5,19.3
1,3,3,26,-6,16,24,25,19.5,19.3
1,3,3,26,-6,17,24,25,19.5,19.3
1,3,3,26,-6,18,24,25,19.5,19.3
1,3,3,26,-6,19,24,25,19.5,19.3
1,3,3,26,-6,20,24,25,19.5,19.3
1,3,3,26,-6,21,24,25,19.5,19.3
1,3,3,26,-6,22,24,25,19.5,19.3
1,3,3,26,-6,23,24,25,19.5,19.3
1,3,3,26,-6,24,24,25,19.5,19.3
1,3,3,27,-5,1,24,25,19.5,19.3
1,3,3,27,-5,2,24,25,19.5,19.3
1,3,3,27,-5,3,24,25,19.5,19.3
1,3,3,27,-5,4,24,25,19.5,19.3
1,3,3,27,-5,5,24,25,19.5,19.3
1,3,3,27,-5,6,24,25,19.5,19.3
1,3,3,27,-5,7,24,25,19.5,19.3
1,3,3,27,-5,8,24,25,19.5,19.3
1,3,3,27,-5,9,24,25,19.5,19.3
1,3,3,27,-5,10,24,25,19.5,19.3
1,3,3,27,-5,11,24,25,19.5,19.3
1,3,3,27,-5,12,24,25,19.5,19.3
1,3,3,27,-5,13,24,25,19.5,19.3
1,3,3,27,-5,14,24,25,19.5,19.3
1,3,3,27,-5,15,24,25,19.5,19.3
1,3,3,27,-5,16,24,25,19.5,19.3
1,3,3,27,-5,17,24,25,19.5,19.3
1,3,3,27,-5,18,24,25,19.5,19.3
1,3,3,27,-5,19,24,25,19.5,19.3
1,3,3,27,-5,20,24,25,19.5,19.3
1,3,3,27,-5,21,24,25,19.5,19.3
1,3,3,27,-5,22,24,25,19.5,19.3
1,3,3,27,-5,23,24,25,19.5,19.3
1,3,3,27,-5,24,24,25,19.5,19.3
1,3,3,28,-4,1,24,25,19.5,19.3
1,3,3,28,-4,2,24,25,19.5,19.3
1,3,3,28,-4,3,24,25,19.5,19.3
1,3,3,28,-4,4,24,25,19.5,19.3
1,3,3,28,-4,5,24,25,19.5,19.3
1,3,3,28,-4,6,24,25,19.5,19.3
1,3,3,28,-4,7,24,25,19.5,19.3
1,3,3,28,-4,8,24,25,19.5,19.3
1,3,3,28,-4,9,24,25,19.5,19.3
1,3,3,28,-4,10,24,25,19.5,19.3
1,3,3,28,-4,11,24,25,19.5,19.3
2,1,3,33,2,19,23.6,23.6,23.6,23.6
2,1,3,33,2,20,24.4,24.3,22.7,22.7
2,1,3,33,2,21,25.3,25,21.8,21.9
2,1,3,33,2,22,26.1,25.8,20.9,21
2,1,3,33,2,23,27,26.5,20,20.2
2,1,3,33,2,24,27.8,27.2,19.1,19.3
2,1,3,34,3,1,27.8,27.2,19.1,19.3
2,1,3,34,3,2,27.8,27.2,19.1,19.3
2,1,3,34,3,3,27.8,27.2,19.1,19.3
2,1,3,34,3,4,23.6,23.3,17.2,17.5
2,1,3,34,3,5,19.3,19.4,15.3,15.7
2,1,3,34,3,6,19.3,19.4,15.3,15.7
2,1,3,34,3,7,19.3,19.4,15.3,15.7
2,1,3,34,3,8,19.3,19.4,15.3,15.7
2,1,3,34,3,9,19.3,19.4,15.3,15.7
2,1,3,34,3,10,19.3,19.4,15.3,15.7
2,1,3,34,3,11,19.3,19.4,15.3,15.7
2,1,3,34,3,12,19.3,19.4,15.3,15.7
2,1,3,34,3,13,19.3,19.4,15.3,15.7
2,1,3,34,3,14,21,21,16.1,16.4
2,1,3,34,3,15,22.7,22.5,16.8,17.1
2,1,3,34,3,16,24.4,24.1,17.6,17.9
2,1,3,34,3,17,26.1,25.6,18.3,18.6
2,1,3,34,3,18,27.8,27.2,19.1,19.3
2,1,3,34,3,19,27.8,27.2,19.1,19.3
2,1,3,34,3,20,27.8,27.2,19.1,19.3
2,1,3,34,3,21,27.8,27.2,19.1,19.3
2,1,3,34,3,22,27.8,27.2,19.1,19.3
2,1,3,34,3,23,27.8,27.2,19.1,19.3
2,1,3,34,3,24,27.8,27.2,19.1,19.3
2,1,3,35,4,1,27.8,27.2,19.1,19.3
2,1,3,35,4,2,27.8,27.2,19.1,19.3
2,1,3,35,4,3,27.8,27.2,19.1,19.3
2,1,3,35,4,4,27.8,27.2,19.1,19.3
2,1,3,35,4,5,27.8,27.2,19.1,19.3
2,1,3,35,4,6,27.8,27.2,19.1,19.3
2,1,3,35,4,7,27.8,27.2,19.1,19.3
2,1,3,35,4,8,27.8,27.2,19.1,19.3
2,1,3,35,4,9,27.8,27.2,19.1,19.3
2,1,3,35,4,10,27.8,27.2,19.1,19.3
2,1,3,35,4,11,27.8,27.2,19.1,19.3
2,1,3,35,4,12,27.8,27.2,19.1,19.3
2,1,3,35,4,13,27.8,27.2,19.1,19.3
2,1,3,35,4,14,27.8,27.2,19.1,19.3
2,1,3,35,4,15,27.8,27.2,19.1,19.3
2,1,3,35,4,16,27.8,27.2,19.1,19.3
2,1,3,35,4,17,27.8,27.2,19.1,19.3
2,1,3,35,4,18,27.8,27.2,19.1,19.3
2,1,3,35,4,19,27.8,27.2,19.1,19.3
2,1,3,35,4,20,27.8,27.2,19.1,19.3
2,1,3,35,4,21,27.8,27.2,19.1,19.3
2,1,3,35,4,22,27.8,27.2,19.1,19.3
2,1,3,35,4,23,27.8,27.2,19.1,19.3
2,1,3,35,4,24,27.8,27.2,19.1,19.3
2,1,3,36,5,1,27.8,27.2,19.1,19.3
2,1,3,36,5,2,27.8,27.2,19.1,19.3
2,1,3,36,5,3,27.8,27.2,19.1,19.3
2,1,3,36,5,4,27.8,27.2,19.1,19.3
2,1,3,36,5,5,27.8,27.2,19.1,19.3
2,1,3,36,5,6,27.8,27.2,19.1,19.3
2,1,3,36,5,7,27.8,27.2,19.1,19.3
2,1,3,36,5,8,27.8,27.2,19.1,19.3
2,1,3,36,5,9,27.8,27.2,19.1,19.3
2,1,3,36,5,10,27.8,27.2,19.1,19.3
2,1,3,36,5,11,27.8,27.2,19.1,19.3
2,1,3,36,5,12,27.8,27.2,19.1,19.3
2,1,3,36,5,13,27.8,27.2,19.1,19.3
2,1,3,36,5,14,27.8,27.2,19.1,19.3
2,1,3,36,5,15,27.8,27.2,19.1,19.3
2,1,3,36,5,16,27.8,27.2,19.1,19.3
2,1,3,36,5,17,27.8,27.2,19.1,19.3
2,1,3,36,5,18,27.8,27.2,19.1,19.3
2,1,3,36,5,19,27.8,27.2,19.1,19.3
2,1,3,36,5,20,27.8,27.2,19.1,19.3
2,1,3,36,5,21,27.8,27.2,19.1,19.3
2,1,3,36,5,22,27.8,27.2,19.1,19.3
2,1,3,36,5,23,27.8,27.2,19.1,19.3
2,1,3,36,5,24,27.8,27.2,19.1,19.3
2,1,3,37,6,1,27.8,27.2,19.1,19.3
2,1,3,37,6,2,27.8,27.2,19.1,19.3
2,1,3,37,6,3,27.8,27.2,19.1,19.3
2,1,3,37,6,4,27.8,27.2,19.1,19.3
2,1,3,37,6,5,27.8,27.2,19.1,19.3
2,1,3,37,6,6,27.8,27.2,19.1,19.3
2,1,3,37,6,7,27.8,27.2,19.1,19.3
2,1,3,37,6,8,27.8,27.2,19.1,19.3
2,1,3,37,6,9,27.8,27.2,19.1,19.3
2,1,3,37,6,10,27.8,27.2,19.1,19.3
2,1,3,37,6,11,27.8,27.2,19.1,19.3
2,1,3,37,6,12,27.8,27.2,19.1,19.3
2,1,3,37,6,13,27.8,27.2,19.1,19.3
2,1,3,37,6,14,27.8,27.2,19.1,19.3
2,1,3,37,6,15,27.8,27.2,19.1,19.3
2,1,3,37,6,16,27.8,27.2,19.1,19.3
2,1,3,37,6,17,27.8,27.2,19.1,19.3
2,1,3,37,6,18,27.8,27.2,19.1,19.3
2,1,3,37,6,19,27.1,27.4,18.2,18
2,1,3,37,6,20,27.1,27.4,18.2,18
2,1,3,37,6,21,27.1,27.4,18.2,18
2,1,3,37,6,22,27.1,27.4,18.2,18
2,1,3,37,6,23,27.1,27.4,18.2,18
2,1,3,37,6,24,27.1,27.4,18.2,18
2,1,3,38,7,1,27.1,27.4,18.2,18
2,1,3,38,7,2,27.1,27.4,18.2,18
2,1,3,38,7,3,27.1,27.4,18.2,18
2,1,3,38,7,4,27.1,27.4,18.2,18
2,1,3,38,7,5,27.1,27.4,18.2,18
2,1,3,38,7,6,27.1,27.4,18.2,18
2,1,3,38,7,7,27.1,27.4,18.2,18
2,1,3,38,7,8,27.1,27.4,18.2,18
2,1,3,38,7,9,27.1,27.4,18.2,18
2,1,3,38,7,10,27.1,27.4,18.2,18
2,1,3,38,7,11,27.1,27.4,18.2,18
2,1,3,38,7,12,27.1,27.4,18.2,18
2,1,3,38,7,13,27.1,27.4,18.2,18
2,1,3,38,7,14,27.1,27.4,18.2,18
2,1,3,38,7,15,27.1,27.4,18.2,18
2,1,3,38,7,16,27.1,27.4,18.2,18
2,1,3,38,7,17,27.1,27.4,18.2,18
2,1,3,38,7,18,27.1,27.4,18.2,18
2,1,3,38,7,19,27.1,27.4,18.2,18
2,1,3,38,7,20,27.1,27.4,18.2,18
2,1,3,38,7,21,27.1,27.4,18.2,18
2,1,3,38,7,22,27.1,27.4,18.2,18
2,1,3,38,7,23,27.1,27.4,18.2,18
2,1,3,38,7,24,27.1,27.4,18.2,18
2,1,3,39,8,1,27.1,27.4,18.2,18
2,1,3,39,8,2,27.1,27.4,18.2,18
2,1,3,39,8,3,27.1,27.4,18.2,18
2,1,3,39,8,4,27.1,27.4,18.2,18
2,1,3,39,8,5,25.5,26.1,20.3,20.1
2,1,3,39,8,6,25.5,26.1,20.3,20.1
2,1,3,39,8,7,25.5,26.1,20.3,20.1
2,1,3,39,8,8,25.5,26.1,20.3,20.1
2,1,3,39,8,9,25.5,26.1,20.3,20.1
2,1,3,39,8,10,25.5,26.1,20.3,20.1
2,1,3,39,8,11,25.5,26.1,20.3,20.1
2,1,3,39,8,12,25.5,26.1,20.3,20.1
2,1,3,39,8,13,25.5,26.1,20.3,20.1
2,1,3,39,8,14,25.5,26.1,20.3,20.1
2,1,3,39,8,15,25.5,26.1,20.3,20.1
2,1,3,39,8,16,25.5,26.1,20.3,20.1
2,1,3,39,8,17,25.5,26.1,20.3,20.1
2,1,3,39,8,18,25.5,26.1,20.3,20.1
2,1,3,39,8,19,25.5,26.1,20.3,20.1
2,1,3,39,8,20,25.5,26.1,20.3,20.1
2,1,3,39,8,21,25.5,26.1,20.3,20.1
2,1,3,39,8,22,25.5,26.1,20.3,20.1
2,1,3,39,8,23,25.5,26.1,20.3,20.1
2,1,3,39,8,24,25.5,26.1,20.3,20.1
2,1,3,40,9,1,25.5,26.1,20.3,20.1
2,1,3,40,9,2,25.5,26.1,20.3,20.1
2,1,3,40,9,3,25.7,26.2,20.2,20.1
2,1,3,40,9,4,25.9,26.2,20.1,20
2,1,3,40,9,5,25.9,26.2,20.1,20
2,1,3,40,9,6,25.9,26.2,20.1,20
2,1,3,40,9,7,25.9,26.2,20.1,20
2,1,3,40,9,8,25.9,26.2,20.1,20
2,1,3,40,9,9,25.9,26.2,20.1,20
2,1,3,40,9,10,25.9,26.2,20.1,20
2,1,3,40,9,11,25.9,26.2,20.1,20
2,1,3,40,9,12,25.9,26.2,20.1,20
2,1,3,40,9,13,25.9,26.2,20.1,20
2,1,3,40,9,14,25.9,26.2,20.1,20
2,1,3,40,9,15,25.9,26.2,20.1,20
2,1,3,40,9,15,25.9,26.2,20.1,20
2,2,1,33,2,19,23.6,23.6,23.6,23.6
2,2,1,33,2,20,24.96,24.56,21.68,21.72
2,2,1,33,2,21,26.32,25.52,19.76,19.84
2,2,1,33,2,22,27.68,26.48,17.84,17.96
2,2,1,33,2,23,29.04,27.44,15.92,16.08
2,2,1,33,2,24,30.4,28.4,14,14.2
2,2,1,34,3,1,30.4,28.4,14,14.2
2,2,1,34,3,2,30.4,28.4,14,14.2
2,2,1,34,3,3,30.4,28.4,14,14.2
2,2,1,34,3,4,28,27,13.6,14.6
2,2,1,34,3,5,25.6,25.5,13.2,15
2,2,1,34,3,6,25.6,25.5,13.2,15
2,2,1,34,3,7,25.6,25.5,13.2,15
2,2,1,34,3,8,25.6,25.5,13.2,15
2,2,1,34,3,9,25.6,25.5,13.2,15
2,2,1,34,3,10,25.6,25.5,13.2,15
2,2,1,34,3,11,25.6,25.5,13.2,15
2,2,1,34,3,12,25.6,25.5,13.2,15
2,2,1,34,3,13,25.6,25.5,13.2,15
2,2,1,34,3,14,26.56,26.08,13.36,14.84
2,2,1,34,3,15,27.52,26.66,13.52,14.68
2,2,1,34,3,16,28.48,27.24,13.68,14.52
2,2,1,34,3,17,29.44,27.82,13.84,14.36
2,2,1,34,3,18,30.4,28.4,14,14.2
2,2,1,34,3,19,30.4,28.4,14,14.2
2,2,1,34,3,20,30.4,28.4,14,14.2
2,2,1,34,3,21,30.4,28.4,14,14.2
2,2,1,34,3,22,30.4,28.4,14,14.2
2,2,1,34,3,23,30.4,28.4,14,14.2
2,2,1,34,3,24,30.4,28.4,14,14.2
2,2,1,35,4,1,30.4,28.4,14,14.2
2,2,1,35,4,2,30.4,28.4,14,14.2
2,2,1,35,4,3,30.4,28.4,14,14.2
2,2,1,35,4,4,30.4,28.4,14,14.2
2,2,1,35,4,5,30.4,28.4,14,14.2
2,2,1,35,4,6,30.4,28.4,14,14.2
2,2,1,35,4,7,30.4,28.4,14,14.2
2,2,1,35,4,8,30.4,28.4,14,14.2
2,2,1,35,4,9,30.4,28.4,14,14.2
2,2,1,35,4,10,30.4,28.4,14,14.2
2,2,1,35,4,11,30.4,28.4,14,14.2
2,2,1,35,4,12,30.4,28.4,14,14.2
2,2,1,35,4,13,30.4,28.4,14,14.2
2,2,1,35,4,14,30.4,28.4,14,14.2
2,2,1,35,4,15,30.4,28.4,14,14.2
2,2,1,35,4,16,30.4,28.4,14,14.2
2,2,1,35,4,17,30.4,28.4,14,14.2
2,2,1,35,4,18,30.4,28.4,14,14.2
2,2,1,35,4,19,30.4,28.4,14,14.2
2,2,1,35,4,20,30.4,28.4,14,14.2
2,2,1,35,4,21,30.4,28.4,14,14.2
2,2,1,35,4,22,30.4,28.4,14,14.2
2,2,1,35,4,23,30.4,28.4,14,14.2
2,2,1,35,4,24,30.4,28.4,14,14.2
2,2,1,36,5,1,30.4,28.4,14,14.2
2,2,1,36,5,2,30.4,28.4,14,14.2
2,2,1,36,5,3,30.4,28.4,14,14.2
2,2,1,36,5,4,30.4,28.4,14,14.2
2,2,1,36,5,5,30.4,28.4,14,14.2
2,2,1,36,5,6,30.4,28.4,14,14.2
2,2,1,36,5,7,30.4,28.4,14,14.2
2,2,1,36,5,8,30.4,28.4,14,14.2
2,2,1,36,5,9,30.4,28.4,14,14.2
2,2,1,36,5,10,30.4,28.4,14,14.2
2,2,1,36,5,11,30.4,28.4,14,14.2
2,2,1,36,5,12,30.4,28.4,14,14.2
2,2,1,36,5,13,30.4,28.4,14,14.2
2,2,1,36,5,14,30.4,28.4,14,14.2
2,2,1,36,5,15,30.4,28.4,14,14.2
2,2,1,36,5,16,30.4,28.4,14,14.2
2,2,1,36,5,17,30.4,28.4,14,14.2
2,2,1,36,5,18,30.4,28.4,14,14.2
2,2,1,36,5,19,30.4,28.4,14,14.2
2,2,1,36,5,20,30.4,28.4,14,14.2
2,2,1,36,5,21,30.4,28.4,14,14.2
2,2,1,36,5,22,30.4,28.4,14,14.2
2,2,1,36,5,23,30.4,28.4,14,14.2
2,2,1,36,5,24,30.4,28.4,14,14.2
2,2,1,37,6,1,30.4,28.4,14,14.2
2,2,1,37,6,2,30.4,28.4,14,14.2
2,2,1,37,6,3,30.4,28.4,14,14.2
2,2,1,37,6,4,30.4,28.4,14,14.2
2,2,1,37,6,5,30.4,28.4,14,14.2
2,2,1,37,6,6,30.4,28.4,14,14.2
2,2,1,37,6,7,30.4,28.4,14,14.2
2,2,1,37,6,8,30.4,28.4,14,14.2
2,2,1,37,6,9,30.4,28.4,14,14.2
2,2,1,37,6,10,30.4,28.4,14,14.2
2,2,1,37,6,11,30.4,28.4,14,14.2
2,2,1,37,6,12,30.4,28.4,14,14.2
2,2,1,37,6,13,30.4,28.4,14,14.2
2,2,1,37,6,14,30.4,28.4,14,14.2
2,2,1,37,6,15,30.4,28.4,14,14.2
2,2,1,37,6,16,30.4,28.4,14,14.2
2,2,1,37,6,17,30.4,28.4,14,14.2
2,2,1,37,6,18,30.4,28.4,14,14.2
2,2,1,37,6,19,29.9,29,13.6,13.3
2,2,1,37,6,20,29.9,29,13.6,13.3
2,2,1,37,6,21,29.9,29,13.6,13.3
2,2,1,37,6,22,29.9,29,13.6,13.3
2,2,1,37,6,23,29.9,29,13.6,13.3
2,2,1,37,6,24,29.9,29,13.6,13.3
2,2,1,38,7,1,29.9,29,13.6,13.3
2,2,1,38,7,2,29.9,29,13.6,13.3
2,2,1,38,7,3,29.9,29,13.6,13.3
2,2,1,38,7,4,29.9,29,13.6,13.3
2,2,1,38,7,5,29.9,29,13.6,13.3
2,2,1,38,7,6,29.9,29,13.6,13.3
2,2,1,38,7,7,29.9,29,13.6,13.3
2,2,1,38,7,8,29.9,29,13.6,13.3
2,2,1,38,7,9,29.9,29,13.6,13.3
2,2,1,38,7,10,29.9,29,13.6,13.3
2,2,1,38,7,11,29.9,29,13.6,13.3
2,2,1,38,7,12,29.9,29,13.6,13.3
2,2,1,38,7,13,29.9,29,13.6,13.3
2,2,1,38,7,14,29.9,29,13.6,13.3
2,2,1,38,7,15,29.9,29,13.6,13.3
2,2,1,38,7,16,29.9,29,13.6,13.3
2,2,1,38,7,17,29.9,29,13.6,13.3
2,2,1,38,7,18,29.9,29,13.6,13.3
2,2,1,38,7,19,29.9,29,13.6,13.3
2,2,1,38,7,20,29.9,29,13.6,13.3
2,2,1,38,7,21,29.9,29,13.6,13.3
2,2,1,38,7,22,29.9,29,13.6,13.3
2,2,1,38,7,23,29.9,29,13.6,13.3
2,2,1,38,7,24,29.9,29,13.6,13.3
2,2,1,39,8,1,29.9,29,13.6,13.3
2,2,1,39,8,2,29.9,29,13.6,13.3
2,2,1,39,8,3,29.9,29,13.6,13.3
2,2,1,39,8,4,29.9,29,13.6,13.3
2,2,1,39,8,5,28.2,27.3,12.4,13.2
2,2,1,39,8,6,28.2,27.3,12.4,13.2
2,2,1,39,8,7,28.2,27.3,12.4,13.2
2,2,1,39,8,8,28.2,27.3,12.4,13.2
2,2,1,39,8,9,28.2,27.3,12.4,13.2
2,2,1,39,8,10,28.2,27.3,12.4,13.2
2,2,1,39,8,11,28.2,27.3,12.4,13.2
2,2,1,39,8,12,28.2,27.3,12.4,13.2
2,2,1,39,8,13,28.2,27.3,12.4,13.2
2,2,1,39,8,14,28.2,27.3,12.4,13.2
2,2,1,39,8,15,28.2,27.3,12.4,13.2
2,2,1,39,8,16,28.2,27.3,12.4,13.2
2,2,1,39,8,17,28.2,27.3,12.4,13.2
2,2,1,39,8,18,28.2,27.3,12.4,13.2
2,2,1,39,8,19,28.2,27.3,12.4,13.2
2,2,1,39,8,20,28.2,27.3,12.4,13.2
2,2,1,39,8,21,28.2,27.3,12.4,13.2
2,2,1,39,8,22,28.2,27.3,12.4,13.2
2,2,1,39,8,23,28.2,27.3,12.4,13.2
2,2,1,39,8,24,28.2,27.3,12.4,13.2
2,2,1,40,9,1,28.2,27.3,12.4,13.2
2,2,1,40,9,2,28.2,27.3,12.4,13.2
2,2,1,40,9,3,27.7,27.3,13,13.4
2,2,1,40,9,4,27.2,27.2,13.6,13.6
2,2,1,40,9,5,27.2,27.2,13.6,13.6
2,2,1,40,9,6,27.2,27.2,13.6,13.6
2,2,1,40,9,7,27.2,27.2,13.6,13.6
2,2,1,40,9,8,27.2,27.2,13.6,13.6
2,2,1,40,9,9,27.2,27.2,13.6,13.6
2,2,1,40,9,10,27.2,27.2,13.6,13.6
2,2,1,40,9,11,27.2,27.2,13.6,13.6
2,2,1,40,9,12,27.2,27.2,13.6,13.6
2,2,1,40,9,13,27.2,27.2,13.6,13.6
2,2,1,40,9,14,27.2,27.2,13.6,13.6
2,2,1,40,9,15,27.2,27.2,13.6,13.6
2,2,1,40,9,15,27.2,27.2,13.6,13.6
2,3,2,33,2,19,23.6,23.6,23.6,23.6
2,3,2,33,2,20,23.6,23.7,22.8,22.8
2,3,2,33,2,21,23.7,23.8,22.1,21.9
2,3,2,33,2,22,23.7,23.8,21.3,21.1
2,3,2,33,2,23,23.8,23.9,20.6,20.2
2,3,2,33,2,24,23.8,24,19.8,19.4
2,3,2,34,3,1,23.8,24,19.8,19.4
2,3,2,34,3,2,23.8,24,19.8,19.4
2,3,2,34,3,3,23.8,24,19.8,19.4
2,3,2,34,3,4,22.4,22.4,18.9,19.5
2,3,2,34,3,5,21,20.8,17.9,19.5
2,3,2,34,3,6,21,20.8,17.9,19.5
2,3,2,34,3,7,21,20.8,17.9,19.5
2,3,2,34,3,8,21,20.8,17.9,19.5
2,3,2,34,3,9,21,20.8,17.9,19.5
2,3,2,34,3,10,21,20.8,17.9,19.5
2,3,2,34,3,11,21,20.8,17.9,19.5
2,3,2,34,3,12,21,20.8,17.9,19.5
2,3,2,34,3,13,21,20.8,17.9,19.5
2,3,2,34,3,14,21.6,21.4,18.3,19.5
2,3,2,34,3,15,22.1,22.1,18.7,19.5
2,3,2,34,3,16,22.7,22.7,19,19.4
2,3,2,34,3,17,23.2,23.4,19.4,19.4
2,3,2,34,3,18,23.8,24,19.8,19.4
2,3,2,34,3,19,23.8,24,19.8,19.4
2,3,2,34,3,20,23.8,24,19.8,19.4
2,3,2,34,3,21,23.8,24,19.8,19.4
2,3,2,34,3,22,23.8,24,19.8,19.4
2,3,2,34,3,23,23.8,24,19.8,19.4
2,3,2,34,3,24,23.8,24,19.8,19.4
2,3,2,35,4,1,23.8,24,19.8,19.4
2,3,2,35,4,2,23.8,24,19.8,19.4
2,3,2,35,4,3,23.8,24,19.8,19.4
2,3,2,35,4,4,23.8,24,19.8,19.4
2,3,2,35,4,5,23.8,24,19.8,19.4
2,3,2,35,4,6,23.8,24,19.8,19.4
2,3,2,35,4,7,23.8,24,19.8,19.4
2,3,2,35,4,8,23.8,24,19.8,19.4
2,3,2,35,4,9,23.8,24,19.8,19.4
2,3,2,35,4,10,23.8,24,19.8,19.4
2,3,2,35,4,11,23.8,24,19.8,19.4
2,3,2,35,4,12,23.8,24,19.8,19.4
2,3,2,35,4,13,23.8,24,19.8,19.4
2,3,2,35,4,14,23.8,24,19.8,19.4
2,3,2,35,4,15,23.8,24,19.8,19.4
2,3,2,35,4,16,23.8,24,19.8,19.4
2,3,2,35,4,17,23.8,24,19.8,19.4
2,3,2,35,4,18,23.8,24,19.8,19.4
2,3,2,35,4,19,23.8,24,19.8,19.4
2,3,2,35,4,20,23.8,24,19.8,19.4
2,3,2,35,4,21,23.8,24,19.8,19.4
2,3,2,35,4,22,23.8,24,19.8,19.4
2,3,2,35,4,23,23.8,24,19.8,19.4
2,3,2,35,4,24,23.8,24,19.8,19.4
2,3,2,36,5,1,23.8,24,19.8,19.4
2,3,2,36,5,2,23.8,24,19.8,19.4
2,3,2,36,5,3,23.8,24,19.8,19.4
2,3,2,36,5,4,23.8,24,19.8,19.4
2,3,2,36,5,5,23.8,24,19.8,19.4
2,3,2,36,5,6,23.8,24,19.8,19.4
2,3,2,36,5,7,23.8,24,19.8,19.4
2,3,2,36,5,8,23.8,24,19.8,19.4
2,3,2,36,5,9,23.8,24,19.8,19.4
2,3,2,36,5,10,23.8,24,19.8,19.4
2,3,2,36,5,11,23.8,24,19.8,19.4
2,3,2,36,5,12,23.8,24,19.8,19.4
2,3,2,36,5,13,23.8,24,19.8,19.4
2,3,2,36,5,14,23.8,24,19.8,19.4
2,3,2,36,5,15,23.8,24,19.8,19.4
2,3,2,36,5,16,23.8,24,19.8,19.4
2,3,2,36,5,17,23.8,24,19.8,19.4
2,3,2,36,5,18,23.8,24,19.8,19.4
2,3,2,36,5,19,23.8,24,19.8,19.4
2,3,2,36,5,20,23.8,24,19.8,19.4
2,3,2,36,5,21,23.8,24,19.8,19.4
2,3,2,36,5,22,23.8,24,19.8,19.4
2,3,2,36,5,23,23.8,24,19.8,19.4
2,3,2,36,5,24,23.8,24,19.8,19.4
2,3,2,37,6,1,23.8,24,19.8,19.4
2,3,2,37,6,2,23.8,24,19.8,19.4
2,3,2,37,6,3,23.8,24,19.8,19.4
2,3,2,37,6,4,23.8,24,19.8,19.4
2,3,2,37,6,5,23.8,24,19.8,19.4
2,3,2,37,6,6,23.8,24,19.8,19.4
2,3,2,37,6,7,23.8,24,19.8,19.4
2,3,2,37,6,8,23.8,24,19.8,19.4
2,3,2,37,6,9,23.8,24,19.8,19.4
2,3,2,37,6,10,23.8,24,19.8,19.4
2,3,2,37,6,11,23.8,24,19.8,19.4
2,3,2,37,6,12,23.8,24,19.8,19.4
2,3,2,37,6,13,23.8,24,19.8,19.4
2,3,2,37,6,14,23.8,24,19.8,19.4
2,3,2,37,6,15,23.8,24,19.8,19.4
2,3,2,37,6,16,23.8,24,19.8,19.4
2,3,2,37,6,17,23.8,24,19.8,19.4
2,3,2,37,6,18,23.8,24,19.8,19.4
2,3,2,37,6,19,24.4,24.1,20.2,20.8
2,3,2,37,6,20,24.4,24.1,20.2,20.8
2,3,2,37,6,21,24.4,24.1,20.2,20.8
2,3,2,37,6,22,24.4,24.1,20.2,20.8
2,3,2,37,6,23,24.4,24.1,20.2,20.8
2,3,2,37,6,24,24.4,24.1,20.2,20.8
2,3,2,38,7,1,24.4,24.1,20.2,20.8
2,3,2,38,7,2,24.4,24.1,20.2,20.8
2,3,2,38,7,3,24.4,24.1,20.2,20.8
2,3,2,38,7,4,24.4,24.1,20.2,20.8
2,3,2,38,7,5,24.4,24.1,20.2,20.8
2,3,2,38,7,6,24.4,24.1,20.2,20.8
2,3,2,38,7,7,24.4,24.1,20.2,20.8
2,3,2,38,7,8,24.4,24.1,20.2,20.8
2,3,2,38,7,9,24.4,24.1,20.2,20.8
2,3,2,38,7,10,24.4,24.1,20.2,20.8
2,3,2,38,7,11,24.4,24.1,20.2,20.8
2,3,2,38,7,12,24.4,24.1,20.2,20.8
2,3,2,38,7,13,24.4,24.1,20.2,20.8
2,3,2,38,7,14,24.4,24.1,20.2,20.8
2,3,2,38,7,15,24.4,24.1,20.2,20.8
2,3,2,38,7,16,24.4,24.1,20.2,20.8
2,3,2,38,7,17,24.4,24.1,20.2,20.8
2,3,2,38,7,18,24.4,24.1,20.2,20.8
2,3,2,38,7,19,24.4,24.1,20.2,20.8
2,3,2,38,7,20,24.4,24.1,20.2,20.8
2,3,2,38,7,21,24.4,24.1,20.2,20.8
2,3,2,38,7,22,24.4,24.1,20.2,20.8
2,3,2,38,7,23,24.4,24.1,20.2,20.8
2,3,2,38,7,24,24.4,24.1,20.2,20.8
2,3,2,39,8,1,24.4,24.1,20.2,20.8
2,3,2,39,8,2,24.4,24.1,20.2,20.8
2,3,2,39,8,3,24.4,24.1,20.2,20.8
2,3,2,39,8,4,24.4,24.1,20.2,20.8
2,3,2,39,8,5,25.1,23.6,18.9,19.5
2,3,2,39,8,6,25.1,23.6,18.9,19.5
2,3,2,39,8,7,25.1,23.6,18.9,19.5
2,3,2,39,8,8,25.1,23.6,18.9,19.5
2,3,2,39,8,9,25.1,23.6,18.9,19.5
2,3,2,39,8,10,25.1,23.6,18.9,19.5
2,3,2,39,8,11,25.1,23.6,18.9,19.5
2,3,2,39,8,12,25.1,23.6,18.9,19.5
2,3,2,39,8,13,25.1,23.6,18.9,19.5
2,3,2,39,8,14,25.1,23.6,18.9,19.5
2,3,2,39,8,15,25.1,23.6,18.9,19.5
2,3,2,39,8,16,25.1,23.6,18.9,19.5
2,3,2,39,8,17,25.1,23.6,18.9,19.5
2,3,2,39,8,18,25.1,23.6,18.9,19.5
2,3,2,39,8,19,25.1,23.6,18.9,19.5
2,3,2,39,8,20,25.1,23.6,18.9,19.5
2,3,2,39,8,21,25.1,23.6,18.9,19.5
2,3,2,39,8,22,25.1,23.6,18.9,19.5
2,3,2,39,8,23,25.1,23.6,18.9,19.5
2,3,2,39,8,24,25.1,23.6,18.9,19.5
2,3,2,40,9,1,25.1,23.6,18.9,19.5
2,3,2,40,9,2,25.1,23.6,18.9,19.5
2,3,2,40,9,3,24.6,23.6,18.8,19.8
2,3,2,40,9,4,24.1,23.6,18.6,20
2,3,2,40,9,5,24.1,23.6,18.6,20
2,3,2,40,9,6,24.1,23.6,18.6,20
2,3,2,40,9,7,24.1,23.6,18.6,20
2,3,2,40,9,8,24.1,23.6,18.6,20
2,3,2,40,9,9,24.1,23.6,18.6,20
2,3,2,40,9,10,24.1,23.6,18.6,20
2,3,2,40,9,11,24.1,23.6,18.6,20
2,3,2,40,9,12,24.1,23.6,18.6,20
2,3,2,40,9,13,24.1,23.6,18.6,20
2,3,2,40,9,14,24.1,23.6,18.6,20
2,3,2,40,9,15,24.1,23.6,18.6,20
2,3,2,40,9,15,24.1,23.6,18.6,20
3,1,2,43,12,19,23.6,23.6,23.6,23.6
3,1,2,43,12,20,24.2,24,22.8,23
3,1,2,43,12,21,24.8,24.4,22,22.4
3,1,2,43,12,22,25.4,24.9,21.2,21.7
3,1,2,43,12,23,26,25.3,20.4,21.1
3,1,2,43,12,24,26.6,25.7,19.6,20.5
3,1,2,44,13,1,26.6,25.7,19.6,20.5
3,1,2,44,13,2,26.6,25.7,19.6,20.5
3,1,2,44,13,3,26.6,25.7,19.6,20.5
3,1,2,44,13,4,26.6,25.7,19.6,20.5
3,1,2,44,13,5,26.6,25.7,19.6,20.5
3,1,2,44,13,6,26.6,25.7,19.6,20.5
3,1,2,44,13,7,26.6,25.7,19.6,20.5
3,1,2,44,13,8,26.6,25.7,19.6,20.5
3,1,2,44,13,9,26.6,25.7,19.6,20.5
3,1,2,44,13,10,26.6,25.7,19.6,20.5
3,1,2,44,13,11,26.6,25.7,19.6,20.5
3,1,2,44,13,12,26.6,25.7,19.6,20.5
3,1,2,44,13,13,26.6,25.7,19.6,20.5
3,1,2,44,13,14,26.6,25.7,19.6,20.5
3,1,2,44,13,15,26.6,25.7,19.6,20.5
3,1,2,44,13,16,26.6,25.7,19.6,20.5
3,1,2,44,13,17,26.6,25.7,19.6,20.5
3,1,2,44,13,18,26.6,25.7,19.6,20.5
3,1,2,44,13,19,26.6,25.7,19.6,20.5
3,1,2,44,13,20,26.6,25.7,19.6,20.5
3,1,2,44,13,21,26.6,25.7,19.6,20.5
3,1,2,44,13,22,26.6,25.7,19.6,20.5
3,1,2,44,13,23,26.6,25.7,19.6,20.5
3,1,2,44,13,24,26.6,25.7,19.6,20.5
3,1,2,45,14,1,25.1,25,18.4,19
3,1,2,45,14,2,25.1,25,18.4,19
3,1,2,45,14,3,25.1,25,18.4,19
3,1,2,45,14,4,25.1,25,18.4,19
3,1,2,45,14,5,25.1,25,18.4,19
3,1,2,45,14,6,25.1,25,18.4,19
3,1,2,45,14,7,25.1,25,18.4,19
3,1,2,45,14,8,25.1,25,18.4,19
3,1,2,45,14,9,25.1,25,18.4,19
3,1,2,45,14,10,25.1,25,18.4,19
3,1,2,45,14,11,25.1,25,18.4,19
3,1,2,45,14,12,25.1,25,18.4,19
3,1,2,45,14,13,25.1,25,18.4,19
3,1,2,45,14,14,25.1,25,18.4,19
3,1,2,45,14,15,25.1,25,18.4,19
3,1,2,45,14,16,25.1,25,18.4,19
3,1,2,45,14,17,25.1,25,18.4,19
3,1,2,45,14,18,25.1,25,18.4,19
3,1,2,45,14,19,25.1,25,18.4,19
3,1,2,45,14,20,25.1,25,18.4,19
3,1,2,45,14,21,25.1,25,18.4,19
3,1,2,45,14,22,25.1,25,18.4,19
3,1,2,45,14,23,25.1,25,18.4,19
3,1,2,45,14,24,25.1,25,18.4,19
3,1,2,46,15,1,25.1,25,18.4,19
3,1,2,46,15,2,25.1,25,18.4,19
3,1,2,46,15,3,25.1,25,18.4,19
3,1,2,46,15,4,23.7,24,19.6,19
3,1,2,46,15,5,23.7,24,19.6,19
3,1,2,46,15,6,23.7,24,19.6,19
3,1,2,46,15,7,23.7,24,19.6,19
3,1,2,46,15,8,23.7,24,19.6,19
3,1,2,46,15,9,23.7,24,19.6,19
3,1,2,46,15,10,23.7,24,19.6,19
3,1,2,46,15,11,23.7,24,19.6,19
3,1,2,46,15,12,23.7,24,19.6,19
3,1,2,46,15,13,23.7,24,19.6,19
3,1,2,46,15,14,23.7,24,19.6,19
3,1,2,46,15,15,23.7,24,19.6,19
3,1,2,46,15,16,23.7,24,19.6,19
3,1,2,46,15,17,23.7,24,19.6,19
3,1,2,46,15,18,23.7,24,19.6,19
3,1,2,46,15,19,23.7,24,19.6,19
3,1,2,46,15,20,23.7,24,19.6,19
3,1,2,46,15,21,23.7,24,19.6,19
3,1,2,46,15,22,23.7,24,19.6,19
3,1,2,46,15,23,23.7,24,19.6,19
3,1,2,46,15,24,23.7,24,19.6,19
3,1,2,47,16,1,23.7,24,19.6,19
3,1,2,47,16,2,23.7,24,19.6,19
3,1,2,47,16,3,23.7,24,19.6,19
3,1,2,47,16,4,23.7,24,19.6,19
3,1,2,47,16,5,20.9,21,18.8,18.5
3,1,2,47,16,6,18,18,18,18
3,1,2,47,16,7,18,18,18,18
3,1,2,47,16,8,18,18,18,18
3,1,2,47,16,9,18,18,18,18
3,1,2,47,16,10,18,18,18,18
3,1,2,47,16,11,18,18,18,18
3,1,2,47,16,12,18,18,18,18
3,1,2,47,16,13,18,18,18,18
3,1,2,47,16,14,18,18,18,18
3,1,2,47,16,15,18,18,18,18
3,1,2,47,16,16,18,18,18,18
3,1,2,47,16,17,18,18,18,18
3,1,2,47,16,18,19.2,19.2,18.2,18.1
3,1,2,47,16,19,20.5,20.5,18.5,18.1
3,1,2,47,16,20,21.7,21.7,18.7,18.2
3,1,2,47,16,21,23,23,19,18.2
3,1,2,47,16,22,24.2,24.2,19.2,18.3
3,1,2,47,16,23,24.2,24.2,19.2,18.3
3,1,2,47,16,24,24.2,24.2,19.2,18.3
3,1,2,48,17,1,24.2,24.2,19.2,18.3
3,1,2,48,17,2,24.2,24.2,19.2,18.3
3,1,2,48,17,3,24.2,24.2,19.2,18.3
3,1,2,48,17,4,24.2,24.2,19.2,18.3
3,1,2,48,17,5,24.2,24.2,19.2,18.3
3,1,2,48,17,6,24.2,24.2,19.2,18.3
3,1,2,48,17,7,24.2,24.2,19.2,18.3
3,1,2,48,17,8,24.2,24.2,19.2,18.3
3,1,2,48,17,9,24.2,24.2,19.2,18.3
3,1,2,48,17,10,24.2,24.2,19.2,18.3
3,1,2,48,17,11,24.2,24.2,19.2,18.3
3,1,2,48,17,12,24.2,24.2,19.2,18.3
3,1,2,48,17,13,24.2,24.2,19.2,18.3
3,1,2,48,17,14,24.2,24.2,19.2,18.3
3,1,2,48,17,15,24.2,24.2,19.2,18.3
3,1,2,48,17,16,24.2,24.2,19.2,18.3
3,1,2,48,17,17,24.2,24.2,19.2,18.3
3,1,2,48,17,18,24.2,24.2,19.2,18.3
3,1,2,48,17,19,24.2,24.2,19.2,18.3
3,1,2,48,17,20,24.2,24.2,19.2,18.3
3,1,2,48,17,21,24.2,24.2,19.2,18.3
3,1,2,48,17,22,24.2,24.2,19.2,18.3
3,1,2,48,17,23,24.2,24.2,19.2,18.3
3,1,2,48,17,24,24.2,24.2,19.2,18.3
3,1,2,49,18,1,24.2,24.2,19.2,18.3
3,1,2,49,18,2,24.2,24.2,19.2,18.3
3,1,2,49,18,3,23.7,24.4,19.1,18.7
3,1,2,49,18,4,23.2,24.5,19,19.1
3,1,2,49,18,5,23.2,24.5,19,19.1
3,1,2,49,18,6,23.2,24.5,19,19.1
3,1,2,49,18,7,23.2,24.5,19,19.1
3,1,2,49,18,8,23.2,24.5,19,19.1
3,1,2,49,18,9,23.2,24.5,19,19.1
3,1,2,49,18,10,23.2,24.5,19,19.1
3,1,2,49,18,11,23.2,24.5,19,19.1
3,1,2,49,18,12,23.2,24.5,19,19.1
3,1,2,49,18,13,23.2,24.5,19,19.1
3,1,2,49,18,14,23.2,24.5,19,19.1
3,1,2,49,18,15,23.2,24.5,19,19.1
3,1,2,49,18,16,23.2,24.5,19,19.1
3,1,2,49,18,17,23.2,24.5,19,19.1
3,1,2,49,18,18,23.2,24.5,19,19.1
3,1,2,49,18,19,23.2,24.5,19,19.1
3,1,2,49,18,20,23.2,24.5,19,19.1
3,1,2,49,18,21,23.2,24.5,19,19.1
3,1,2,49,18,22,23.2,24.5,19,19.1
3,1,2,49,18,23,23.2,24.5,19,19.1
3,1,2,49,18,24,23.2,24.5,19,19.1
3,1,2,50,19,1,23.2,24.5,19,19.1
3,1,2,50,19,2,22.8,24,18.7,18.7
3,1,2,50,19,3,22.8,24,18.7,18.7
3,1,2,50,19,4,22.8,24,18.7,18.7
3,1,2,50,19,5,22.8,24,18.7,18.7
3,1,2,50,19,6,22.8,24,18.7,18.7
3,1,2,50,19,7,22.8,24,18.7,18.7
3,1,2,50,19,8,22.8,24,18.7,18.7
3,1,2,50,19,9,22.8,24,18.7,18.7
3,1,2,50,19,10,22.8,24,18.7,18.7
3,2,3,43,12,19,23.6,23.6,23.6,23.6
3,2,3,43,12,20,23.8,23.9,23,23.2
3,2,3,43,12,21,24,24.2,22.4,22.7
3,2,3,43,12,22,24.3,24.6,21.8,22.3
3,2,3,43,12,23,24.5,24.9,21.2,21.8
3,2,3,43,12,24,24.7,25.2,20.6,21.4
3,2,3,44,13,1,24.7,25.2,20.6,21.4
3,2,3,44,13,2,24.7,25.2,20.6,21.4
3,2,3,44,13,3,24.7,25.2,20.6,21.4
3,2,3,44,13,4,24.7,25.2,20.6,21.4
3,2,3,44,13,5,24.7,25.2,20.6,21.4
3,2,3,44,13,6,24.7,25.2,20.6,21.4
3,2,3,44,13,7,24.7,25.2,20.6,21.4
3,2,3,44,13,8,24.7,25.2,20.6,21.4
3,2,3,44,13,9,24.7,25.2,20.6,21.4
3,2,3,44,13,10,24.7,25.2,20.6,21.4
3,2,3,44,13,11,24.7,25.2,20.6,21.4
3,2,3,44,13,12,24.7,25.2,20.6,21.4
3,2,3,44,13,13,24.7,25.2,20.6,21.4
3,2,3,44,13,14,24.7,25.2,20.6,21.4
3,2,3,44,13,15,24.7,25.2,20.6,21.4
3,2,3,44,13,16,24.7,25.2,20.6,21.4
3,2,3,44,13,17,24.7,25.2,20.6,21.4
3,2,3,44,13,18,24.7,25.2,20.6,21.4
3,2,3,44,13,19,24.7,25.2,20.6,21.4
3,2,3,44,13,20,24.7,25.2,20.6,21.4
3,2,3,44,13,21,24.7,25.2,20.6,21.4
3,2,3,44,13,22,24.7,25.2,20.6,21.4
3,2,3,44,13,23,24.7,25.2,20.6,21.4
3,2,3,44,13,24,24.7,25.2,20.6,21.4
3,2,3,45,14,1,24.5,24.9,20.8,20.2
3,2,3,45,14,2,24.5,24.9,20.8,20.2
3,2,3,45,14,3,24.5,24.9,20.8,20.2
3,2,3,45,14,4,24.5,24.9,20.8,20.2
3,2,3,45,14,5,24.5,24.9,20.8,20.2
3,2,3,45,14,6,24.5,24.9,20.8,20.2
3,2,3,45,14,7,24.5,24.9,20.8,20.2
3,2,3,45,14,8,24.5,24.9,20.8,20.2
3,2,3,45,14,9,24.5,24.9,20.8,20.2
3,2,3,45,14,10,24.5,24.9,20.8,20.2
3,2,3,45,14,11,24.5,24.9,20.8,20.2
3,2,3,45,14,12,24.5,24.9,20.8,20.2
3,2,3,45,14,13,24.5,24.9,20.8,20.2
3,2,3,45,14,14,24.5,24.9,20.8,20.2
3,2,3,45,14,15,24.5,24.9,20.8,20.2
3,2,3,45,14,16,24.5,24.9,20.8,20.2
3,2,3,45,14,17,24.5,24.9,20.8,20.2
3,2,3,45,14,18,24.5,24.9,20.8,20.2
3,2,3,45,14,19,24.5,24.9,20.8,20.2
3,2,3,45,14,20,24.5,24.9,20.8,20.2
3,2,3,45,14,21,24.5,24.9,20.8,20.2
3,2,3,45,14,22,24.5,24.9,20.8,20.2
3,2,3,45,14,23,24.5,24.9,20.8,20.2
3,2,3,45,14,24,24.5,24.9,20.8,20.2
3,2,3,46,15,1,24.5,24.9,20.8,20.2
3,2,3,46,15,2,24.5,24.9,20.8,20.2
3,2,3,46,15,3,24.5,24.9,20.8,20.2
3,2,3,46,15,4,24.2,25,20.7,20.4
3,2,3,46,15,5,24.2,25,20.7,20.4
3,2,3,46,15,6,24.2,25,20.7,20.4
3,2,3,46,15,7,24.2,25,20.7,20.4
3,2,3,46,15,8,24.2,25,20.7,20.4
3,2,3,46,15,9,24.2,25,20.7,20.4
3,2,3,46,15,10,24.2,25,20.7,20.4
3,2,3,46,15,11,24.2,25,20.7,20.4
3,2,3,46,15,12,24.2,25,20.7,20.4
3,2,3,46,15,13,24.2,25,20.7,20.4
3,2,3,46,15,14,24.2,25,20.7,20.4
3,2,3,46,15,15,24.2,25,20.7,20.4
3,2,3,46,15,16,24.2,25,20.7,20.4
3,2,3,46,15,17,24.2,25,20.7,20.4
3,2,3,46,15,18,24.2,25,20.7,20.4
3,2,3,46,15,19,24.2,25,20.7,20.4
3,2,3,46,15,20,24.2,25,20.7,20.4
3,2,3,46,15,21,24.2,25,20.7,20.4
3,2,3,46,15,22,24.2,25,20.7,20.4
3,2,3,46,15,23,24.2,25,20.7,20.4
3,2,3,46,15,24,24.2,25,20.7,20.4
3,2,3,47,16,1,24.2,25,20.7,20.4
3,2,3,47,16,2,24.2,25,20.7,20.4
3,2,3,47,16,3,24.2,25,20.7,20.4
3,2,3,47,16,4,24.2,25,20.7,20.4
3,2,3,47,16,5,21.1,21.5,18.9,18.7
3,2,3,47,16,6,18,18,17,17
3,2,3,47,16,7,18,18,17,17
3,2,3,47,16,8,18,18,17,17
3,2,3,47,16,9,18,18,17,17
3,2,3,47,16,10,18,18,17,17
3,2,3,47,16,11,18,18,17,17
3,2,3,47,16,12,18,18,17,17
3,2,3,47,16,13,18,18,17,17
3,2,3,47,16,14,18,18,17,17
3,2,3,47,16,15,18,18,17,17
3,2,3,47,16,16,18,18,17,17
3,2,3,47,16,17,18,18,17,17
3,2,3,47,16,18,19.5,19.5,17.6,17.7
3,2,3,47,16,19,20.9,21,18.2,18.4
3,2,3,47,16,20,22.4,22.6,18.9,19.1
3,2,3,47,16,21,23.8,24.1,19.5,19.8
3,2,3,47,16,22,25.3,25.6,20.1,20.5
3,2,3,47,16,23,25.3,25.6,20.1,20.5
3,2,3,47,16,24,25.3,25.6,20.1,20.5
3,2,3,48,17,1,25.3,25.6,20.1,20.5
3,2,3,48,17,2,25.3,25.6,20.1,20.5
3,2,3,48,17,3,25.3,25.6,20.1,20.5
3,2,3,48,17,4,25.3,25.6,20.1,20.5
3,2,3,48,17,5,25.3,25.6,20.1,20.5
3,2,3,48,17,6,25.3,25.6,20.1,20.5
3,2,3,48,17,7,25.3,25.6,20.1,20.5
3,2,3,48,17,8,25.3,25.6,20.1,20.5
3,2,3,48,17,9,25.3,25.6,20.1,20.5
3,2,3,48,17,10,25.3,25.6,20.1,20.5
3,2,3,48,17,11,25.3,25.6,20.1,20.5
3,2,3,48,17,12,25.3,25.6,20.1,20.5
3,2,3,48,17,13,25.3,25.6,20.1,20.5
3,2,3,48,17,14,25.3,25.6,20.1,20.5
3,2,3,48,17,15,25.3,25.6,20.1,20.5
3,2,3,48,17,16,25.3,25.6,20.1,20.5
3,2,3,48,17,17,25.3,25.6,20.1,20.5
3,2,3,48,17,18,25.3,25.6,20.1,20.5
3,2,3,48,17,19,25.3,25.6,20.1,20.5
3,2,3,48,17,20,25.3,25.6,20.1,20.5
3,2,3,48,17,21,25.3,25.6,20.1,20.5
3,2,3,48,17,22,25.3,25.6,20.1,20.5
3,2,3,48,17,23,25.3,25.6,20.1,20.5
3,2,3,48,17,24,25.3,25.6,20.1,20.5
3,2,3,49,18,1,25.3,25.6,20.1,20.5
3,2,3,49,18,2,25.3,25.6,20.1,20.5
3,2,3,49,18,3,25,25.4,19.8,20.2
3,2,3,49,18,4,24.6,25.2,19.4,19.9
3,2,3,49,18,5,24.6,25.2,19.4,19.9
3,2,3,49,18,6,24.6,25.2,19.4,19.9
3,2,3,49,18,7,24.6,25.2,19.4,19.9
3,2,3,49,18,8,24.6,25.2,19.4,19.9
3,2,3,49,18,9,24.6,25.2,19.4,19.9
3,2,3,49,18,10,24.6,25.2,19.4,19.9
3,2,3,49,18,11,24.6,25.2,19.4,19.9
3,2,3,49,18,12,24.6,25.2,19.4,19.9
3,2,3,49,18,13,24.6,25.2,19.4,19.9
3,2,3,49,18,14,24.6,25.2,19.4,19.9
3,2,3,49,18,15,24.6,25.2,19.4,19.9
3,2,3,49,18,16,24.6,25.2,19.4,19.9
3,2,3,49,18,17,24.6,25.2,19.4,19.9
3,2,3,49,18,18,24.6,25.2,19.4,19.9
3,2,3,49,18,19,24.6,25.2,19.4,19.9
3,2,3,49,18,20,24.6,25.2,19.4,19.9
3,2,3,49,18,21,24.6,25.2,19.4,19.9
3,2,3,49,18,22,24.6,25.2,19.4,19.9
3,2,3,49,18,23,24.6,25.2,19.4,19.9
3,2,3,49,18,24,24.6,25.2,19.4,19.9
3,2,3,50,19,1,24.6,25.2,19.4,19.9
3,2,3,50,19,2,24.8,25.3,20.5,20.7
3,2,3,50,19,3,24.8,25.3,20.5,20.7
3,2,3,50,19,4,24.8,25.3,20.5,20.7
3,2,3,50,19,5,24.8,25.3,20.5,20.7
3,2,3,50,19,6,24.8,25.3,20.5,20.7
3,2,3,50,19,7,24.8,25.3,20.5,20.7
3,2,3,50,19,8,24.8,25.3,20.5,20.7
3,2,3,50,19,9,24.8,25.3,20.5,20.7
3,2,3,50,19,10,24.8,25.3,20.5,20.7
3,3,1,43,12,19,23.6,23.6,23.6,23.6
3,3,1,43,12,20,23.5,23.5,22.5,22.9
3,3,1,43,12,21,23.4,23.5,21.4,22.2
3,3,1,43,12,22,23.4,23.4,20.3,21.4
3,3,1,43,12,23,23.3,23.4,19.2,20.7
3,3,1,43,12,24,23.2,23.3,18.1,20
3,3,1,44,13,1,23.2,23.3,18.1,20
3,3,1,44,13,2,23.2,23.3,18.1,20
3,3,1,44,13,3,23.2,23.3,18.1,20
3,3,1,44,13,4,23.2,23.3,18.1,20
3,3,1,44,13,5,23.2,23.3,18.1,20
3,3,1,44,13,6,23.2,23.3,18.1,20
3,3,1,44,13,7,23.2,23.3,18.1,20
3,3,1,44,13,8,23.2,23.3,18.1,20
3,3,1,44,13,9,23.2,23.3,18.1,20
3,3,1,44,13,10,23.2,23.3,18.1,20
3,3,1,44,13,11,23.2,23.3,18.1,20
3,3,1,44,13,12,23.2,23.3,18.1,20
3,3,1,44,13,13,23.2,23.3,18.1,20
3,3,1,44,13,14,23.2,23.3,18.1,20
3,3,1,44,13,15,23.2,23.3,18.1,20
3,3,1,44,13,16,23.2,23.3,18.1,20
3,3,1,44,13,17,23.2,23.3,18.1,20
3,3,1,44,13,18,23.2,23.3,18.1,20
3,3,1,44,13,19,23.2,23.3,18.1,20
3,3,1,44,13,20,23.2,23.3,18.1,20
3,3,1,44,13,21,23.2,23.3,18.1,20
3,3,1,44,13,22,23.2,23.3,18.1,20
3,3,1,44,13,23,23.2,23.3,18.1,20
3,3,1,44,13,24,23.2,23.3,18.1,20
3,3,1,45,14,1,23.3,22.9,18.3,18.4
3,3,1,45,14,2,23.3,22.9,18.3,18.4
3,3,1,45,14,3,23.3,22.9,18.3,18.4
3,3,1,45,14,4,23.3,22.9,18.3,18.4
3,3,1,45,14,5,23.3,22.9,18.3,18.4
3,3,1,45,14,6,23.3,22.9,18.3,18.4
3,3,1,45,14,7,23.3,22.9,18.3,18.4
3,3,1,45,14,8,23.3,22.9,18.3,18.4
3,3,1,45,14,9,23.3,22.9,18.3,18.4
3,3,1,45,14,10,23.3,22.9,18.3,18.4
3,3,1,45,14,11,23.3,22.9,18.3,18.4
3,3,1,45,14,12,23.3,22.9,18.3,18.4
3,3,1,45,14,13,23.3,22.9,18.3,18.4
3,3,1,45,14,14,23.3,22.9,18.3,18.4
3,3,1,45,14,15,23.3,22.9,18.3,18.4
3,3,1,45,14,16,23.3,22.9,18.3,18.4
3,3,1,45,14,17,23.3,22.9,18.3,18.4
3,3,1,45,14,18,23.3,22.9,18.3,18.4
3,3,1,45,14,19,23.3,22.9,18.3,18.4
3,3,1,45,14,20,23.3,22.9,18.3,18.4
3,3,1,45,14,21,23.3,22.9,18.3,18.4
3,3,1,45,14,22,23.3,22.9,18.3,18.4
3,3,1,45,14,23,23.3,22.9,18.3,18.4
3,3,1,45,14,24,23.3,22.9,18.3,18.4
3,3,1,46,15,1,23.3,22.9,18.3,18.4
3,3,1,46,15,2,23.3,22.9,18.3,18.4
3,3,1,46,15,3,23.3,22.9,18.3,18.4
3,3,1,46,15,4,23.7,23.7,18.6,18.6
3,3,1,46,15,5,23.7,23.7,18.6,18.6
3,3,1,46,15,6,23.7,23.7,18.6,18.6
3,3,1,46,15,7,23.7,23.7,18.6,18.6
3,3,1,46,15,8,23.7,23.7,18.6,18.6
3,3,1,46,15,9,23.7,23.7,18.6,18.6
3,3,1,46,15,10,23.7,23.7,18.6,18.6
3,3,1,46,15,11,23.7,23.7,18.6,18.6
3,3,1,46,15,12,23.7,23.7,18.6,18.6
3,3,1,46,15,13,23.7,23.7,18.6,18.6
3,3,1,46,15,14,23.7,23.7,18.6,18.6
3,3,1,46,15,15,23.7,23.7,18.6,18.6
3,3,1,46,15,16,23.7,23.7,18.6,18.6
3,3,1,46,15,17,23.7,23.7,18.6,18.6
3,3,1,46,15,18,23.7,23.7,18.6,18.6
3,3,1,46,15,19,23.7,23.7,18.6,18.6
3,3,1,46,15,20,23.7,23.7,18.6,18.6
3,3,1,46,15,21,23.7,23.7,18.6,18.6
3,3,1,46,15,22,23.7,23.7,18.6,18.6
3,3,1,46,15,23,23.7,23.7,18.6,18.6
3,3,1,46,15,24,23.7,23.7,18.6,18.6
3,3,1,47,16,1,23.7,23.7,18.6,18.6
3,3,1,47,16,2,23.7,23.7,18.6,18.6
3,3,1,47,16,3,23.7,23.7,18.6,18.6
3,3,1,47,16,4,23.7,23.7,18.6,18.6
3,3,1,47,16,5,21.1,21.1,17.6,17.6
3,3,1,47,16,6,18.5,18.5,16.5,16.5
3,3,1,47,16,7,18.5,18.5,16.5,16.5
3,3,1,47,16,8,18.5,18.5,16.5,16.5
3,3,1,47,16,9,18.5,18.5,16.5,16.5
3,3,1,47,16,10,18.5,18.5,16.5,16.5
3,3,1,47,16,11,18.5,18.5,16.5,16.5
3,3,1,47,16,12,18.5,18.5,16.5,16.5
3,3,1,47,16,13,18.5,18.5,16.5,16.5
3,3,1,47,16,14,18.5,18.5,16.5,16.5
3,3,1,47,16,15,18.5,18.5,16.5,16.5
3,3,1,47,16,16,18.5,18.5,16.5,16.5
3,3,1,47,16,17,18.5,18.5,16.5,16.5
3,3,1,47,16,18,19.5,19.5,16.5,17.2
3,3,1,47,16,19,20.5,20.5,16.6,17.9
3,3,1,47,16,20,21.6,21.6,16.6,18.7
3,3,1,47,16,21,22.6,22.6,16.7,19.4
3,3,1,47,16,22,23.6,23.6,16.7,20.1
3,3,1,47,16,23,23.6,23.6,16.7,20.1
3,3,1,47,16,24,23.6,23.6,16.7,20.1
3,3,1,48,17,1,23.6,23.6,16.7,20.1
3,3,1,48,17,2,23.6,23.6,16.7,20.1
3,3,1,48,17,3,23.6,23.6,16.7,20.1
3,3,1,48,17,4,23.6,23.6,16.7,20.1
3,3,1,48,17,5,23.6,23.6,16.7,20.1
3,3,1,48,17,6,23.6,23.6,16.7,20.1
3,3,1,48,17,7,23.6,23.6,16.7,20.1
3,3,1,48,17,8,23.6,23.6,16.7,20.1
3,3,1,48,17,9,23.6,23.6,16.7,20.1
3,3,1,48,17,10,23.6,23.6,16.7,20.1
3,3,1,48,17,11,23.6,23.6,16.7,20.1
3,3,1,48,17,12,23.6,23.6,16.7,20.1
3,3,1,48,17,13,23.6,23.6,16.7,20.1
3,3,1,48,17,14,23.6,23.6,16.7,20.1
3,3,1,48,17,15,23.6,23.6,16.7,20.1
3,3,1,48,17,16,23.6,23.6,16.7,20.1
3,3,1,48,17,17,23.6,23.6,16.7,20.1
3,3,1,48,17,18,23.6,23.6,16.7,20.1
3,3,1,48,17,19,23.6,23.6,16.7,20.1
3,3,1,48,17,20,23.6,23.6,16.7,20.1
3,3,1,48,17,21,23.6,23.6,16.7,20.1
3,3,1,48,17,22,23.6,23.6,16.7,20.1
3,3,1,48,17,23,23.6,23.6,16.7,20.1
3,3,1,48,17,24,23.6,23.6,16.7,20.1
3,3,1,49,18,1,23.6,23.6,16.7,20.1
3,3,1,49,18,2,23.6,23.6,16.7,20.1
3,3,1,49,18,3,24.1,23.7,17.2,19.4
3,3,1,49,18,4,24.6,23.7,17.6,18.6
3,3,1,49,18,5,24.6,23.7,17.6,18.6
3,3,1,49,18,6,24.6,23.7,17.6,18.6
3,3,1,49,18,7,24.6,23.7,17.6,18.6
3,3,1,49,18,8,24.6,23.7,17.6,18.6
3,3,1,49,18,9,24.6,23.7,17.6,18.6
3,3,1,49,18,10,24.6,23.7,17.6,18.6
3,3,1,49,18,11,24.6,23.7,17.6,18.6
3,3,1,49,18,12,24.6,23.7,17.6,18.6
3,3,1,49,18,13,24.6,23.7,17.6,18.6
3,3,1,49,18,14,24.6,23.7,17.6,18.6
3,3,1,49,18,15,24.6,23.7,17.6,18.6
3,3,1,49,18,16,24.6,23.7,17.6,18.6
3,3,1,49,18,17,24.6,23.7,17.6,18.6
3,3,1,49,18,18,24.6,23.7,17.6,18.6
3,3,1,49,18,19,24.6,23.7,17.6,18.6
3,3,1,49,18,20,24.6,23.7,17.6,18.6
3,3,1,49,18,21,24.6,23.7,17.6,18.6
3,3,1,49,18,22,24.6,23.7,17.6,18.6
3,3,1,49,18,23,24.6,23.7,17.6,18.6
3,3,1,49,18,24,24.6,23.7,17.6,18.6
3,3,1,50,19,1,24.6,23.7,17.6,18.6
3,3,1,50,19,2,24.8,24.5,17.9,20.1
3,3,1,50,19,3,24.8,24.5,17.9,20.1
3,3,1,50,19,4,24.8,24.5,17.9,20.1
3,3,1,50,19,5,24.8,24.5,17.9,20.1
3,3,1,50,19,6,24.8,24.5,17.9,20.1
3,3,1,50,19,7,24.8,24.5,17.9,20.1
3,3,1,50,19,8,24.8,24.5,17.9,20.1
3,3,1,50,19,9,24.8,24.5,17.9,20.1
3,3,1,50,19,10,24.8,24.5,17.9,20.1
